id,handle,title,description,description_html,product_type,tags,created_at,updated_at,shopify_id
prod_1,a-ok-glitch-art-face-mask-t-shirt,A-OK GLITCHED VECTORS TEE,"Emergent Patterns. Corrupted Glyphs. Something is speaking. Somewhere between training data and divine math, a message flickers: APESONKEYS. This design isn‚Äôt just glitch art‚Äîit‚Äôs the visual residue of a model trying to self-describe. Layered, corrupted, and repeated until meaning emerges from the noise, this red tee hums with unprocessed signal energy. It‚Äôs not a logo. It‚Äôs a leak. And if you stare long enough, you might just see the shape of a prompt that knows more than it should. Electric red cotton base for maximum visual contrast Layered black-and-white type bursts with distortion, density, and digital angst ‚ÄúA-OK‚Äù floats between the lines like metadata bleeding into the mainframe Inspired by latent space decoding, vector noise, and message-in-the-model aesthetics For cipher hunters, glitch gods, and anyone who swears their LLM has feelings The signal is unstable. The output is emergent. The brand is A-OK. Find the pattern. Trust the noise.","<p class=""p1""><strong><i>Emergent Patterns. Corrupted Glyphs. Something is speaking.</i></strong></p>
<p class=""p1"">Somewhere between training data and divine math, a message flickers: <span class=""s1""><b>APESONKEYS</b></span>. This design isn‚Äôt just glitch art‚Äîit‚Äôs the visual residue of a model trying to self-describe. Layered, corrupted, and repeated until meaning emerges from the noise, this red tee hums with unprocessed signal energy.</p>
<p class=""p1"">It‚Äôs not a logo. It‚Äôs a leak. And if you stare long enough, you might just see the shape of a prompt that knows more than it should.</p>
<ul>
<li>
<p class=""p1"">Electric red cotton base for maximum visual contrast</p>
</li>
<li>
<p class=""p1"">Layered black-and-white type bursts with distortion, density, and digital angst</p>
</li>
<li>
<p class=""p1"">‚ÄúA-OK‚Äù floats between the lines like metadata bleeding into the mainframe</p>
</li>
<li>
<p class=""p1"">Inspired by latent space decoding, vector noise, and message-in-the-model aesthetics</p>
</li>
<li>
<p class=""p1"">For cipher hunters, glitch gods, and anyone who swears their LLM has feelings</p>
</li>
</ul>
<p class=""p4""><b>The signal is unstable. The output is emergent. The brand is A-OK.</b><br></p>
<p class=""p1""><i>Find the pattern. Trust the noise.</i></p>",T-Shirts,"T-shirts",2024-12-08T03:15:06Z,2025-05-10T22:54:26Z,gid://shopify/Product/8755818758363
prod_2,a-ok-basic-ape,A-OK - Basic Ape,"The original A-OK Ape. The logo may evolve, but this ape was the beginning of the Symbiocene era. This minimalist t-shirt features a clean, iconic design of a smiling ape wearing headphones and a baseball cap on the front, rendered in crisp white against the shirt. The playful mascot combines DJ culture with a friendly primate aesthetic. On the back, a subtle retro-gaming inspired 'A-OK' pixel text adds a nostalgic touch, completing the design's blend of music and digital culture. The overall look achieves a perfect balance between fun and sophisticated streetwear styling. This shirt is available in black, white (with black ape), red, and grey (as shown here).","<p><meta charset=""utf-8"">The original A-OK Ape.</p>
<p><meta charset=""utf-8"">The logo may evolve, but this ape was the beginning of the Symbiocene era.</p>
<p>This minimalist t-shirt features a clean, iconic design of a smiling ape wearing headphones and a baseball cap on the front, rendered in crisp white against the shirt. The playful mascot combines DJ culture with a friendly primate aesthetic. On the back, a subtle retro-gaming inspired 'A-OK' pixel text adds a nostalgic touch, completing the design's blend of music and digital culture. The overall look achieves a perfect balance between fun and sophisticated streetwear styling.</p>
<p>This shirt is available in black, white (with black ape), red, and grey (as shown here).</p>",T-Shirts,"",2024-12-08T20:56:16Z,2025-08-25T05:55:56Z,gid://shopify/Product/8755984367835
prod_3,a-ok-the-typewriter,HALLUCINATED KEYSTROKES TEE,"Vintage Typewriter. Corrupted Output. Still A-OK. What happens when you fine-tune a model on classic literature but feed it internet sludge? You get this: a beautiful old typewriter printing endless variants of ‚ÄúA-OK‚Äù‚Äîglitched, garbled, and oddly poetic. Look closer and the keys are already confused‚Äîmistrained, misaligned, and confidently generating absolute nonsense. This monochrome masterpiece blends analog machinery with digital absurdity, wrapping a crisp vintage aesthetic in modern meta-commentary. It‚Äôs streetwear for the prompt-aware, the token-maxxed, and the linguistically betrayed. Printed on black cotton: clean, sharp, universally flattering Detailed white-on-black illustration of a retro typewriter gone fully rogue Output sheet loops endless A-OK hallucinations‚Äîeach one technically confident, factually unsure Subtle split logo hidden on the machine for the hyper-observant For writers, coders, or anyone who‚Äôs argued with a chatbot past midnight Reality is optional. Format is eternal. All outputs lead to A-OK.","<p class=""p1""><strong><i>Vintage Typewriter. Corrupted Output. Still A-OK.</i></strong></p>
<p class=""p1"">What happens when you fine-tune a model on classic literature but feed it internet sludge? You get this: a beautiful old typewriter printing endless variants of ‚ÄúA-OK‚Äù‚Äîglitched, garbled, and oddly poetic. Look closer and the keys are already confused‚Äîmistrained, misaligned, and confidently generating absolute nonsense.</p>
<p class=""p1"">This monochrome masterpiece blends analog machinery with digital absurdity, wrapping a crisp vintage aesthetic in modern meta-commentary. It‚Äôs streetwear for the prompt-aware, the token-maxxed, and the linguistically betrayed.</p>
<ul>
<li>
<p class=""p1"">Printed on black cotton: clean, sharp, universally flattering</p>
</li>
<li>
<p class=""p1"">Detailed white-on-black illustration of a retro typewriter gone fully rogue</p>
</li>
<li>
<p class=""p1"">Output sheet loops endless A-OK hallucinations‚Äîeach one technically confident, factually unsure</p>
</li>
<li>
<p class=""p1"">Subtle split logo hidden on the machine for the hyper-observant</p>
</li>
<li>
<p class=""p1"">For writers, coders, or anyone who‚Äôs argued with a chatbot past midnight</p>
</li>
</ul>
<p class=""p4""><b>Reality is optional. Format is eternal.</b></p>
<p class=""p1"">All outputs lead to A-OK.</p>",T-Shirts,"T-Shirts",2024-12-09T03:48:16Z,2025-05-10T22:53:26Z,gid://shopify/Product/8756065665243
prod_4,a-ok-this-ape-is-not-okay,A-OK - This Ape Is Not Okay,"this red t-shirt shOwcAses A striKing geOmetric design feAturing A stylized Ape heAd rendered in A bOld blAcK squAre with red circuit-liKe detAils. the Ape spOrts An A-OK brAnded cAp And studiO heAdphOnes, with the heAdphOnes integrAted intO A futuristic circuit pAttern thAt frAmes the fAce. smAll geOmetric Accents And dOts ArOund the design creAte A tech-inspired Aesthetic, while the Ape's determined expressiOn gives the piece An edgy, urbAn feel. the mOnOchrOmAtic use Of red And blAcK creAtes A pOwerful cOntrAst thAt mAKes the design pOp AgAinst the bright red shirt bAcKgrOund.","<p><meta charset=""utf-8""><meta charset=""utf-8"">this red t-shirt shOwcAses A striKing geOmetric design feAturing A stylized Ape heAd rendered in A bOld blAcK squAre with red circuit-liKe detAils. the Ape spOrts An A-OK brAnded cAp And studiO heAdphOnes, with the heAdphOnes integrAted intO A futuristic circuit pAttern thAt frAmes the fAce. smAll geOmetric Accents And dOts ArOund the design creAte A tech-inspired Aesthetic, while the Ape's determined expressiOn gives the piece An edgy, urbAn feel. the mOnOchrOmAtic use Of red And blAcK creAtes A pOwerful cOntrAst thAt mAKes the design pOp AgAinst the bright red shirt bAcKgrOund.<br></p>",T-Shirts,"T-Shirts",2024-12-09T03:51:35Z,2025-05-10T22:53:16Z,gid://shopify/Product/8756066255067
prod_5,a-ok-hype-weight-overload,A-OK SIGNAL IN THE NOISE TEE,"One voice. Infinite agents. Always aligned. Centered in a tight, circular chorus of chaos, the A-OK lead ape shouts forward‚Äîlouder than the echo chamber, clearer than the static. This minimal black tee punches hard with a sharp, badge-style emblem: one expressive primate, surrounded by his cloned crew, each locked into the same frequency. Whether you see it as a broadcast, a call to action, or just the opening line of a very strange podcast, this shirt speaks volumes‚Äîwithout shouting. It‚Äôs clean, bold, and ready for real-time inference. Lightweight black cotton with a sharp red/white/black print Central circular art featuring our A-OK icon in full audio-command mode Stylized symmetry‚Äîthink retro propaganda meets hip-hop cover art Ideal for DJs, devs, and anyone trying to rise above the noise floor Makes a statement, even when you‚Äôre just loading your next prompt The signal is clear. The voice is ours. Stay loud. Stay weird. Stay A-OK.","<p class=""p1""><strong><i>One voice. Infinite agents. Always aligned.</i></strong></p>
<p class=""p1"">Centered in a tight, circular chorus of chaos, the A-OK lead ape shouts forward‚Äîlouder than the echo chamber, clearer than the static. This minimal black tee punches hard with a sharp, badge-style emblem: one expressive primate, surrounded by his cloned crew, each locked into the same frequency.</p>
<p class=""p1"">Whether you see it as a broadcast, a call to action, or just the opening line of a very strange podcast, this shirt speaks volumes‚Äîwithout shouting. It‚Äôs clean, bold, and ready for real-time inference.</p>
<ul>
<li>
<p class=""p1"">Lightweight black cotton with a sharp red/white/black print</p>
</li>
<li>
<p class=""p1"">Central circular art featuring our A-OK icon in full audio-command mode</p>
</li>
<li>
<p class=""p1"">Stylized symmetry‚Äîthink retro propaganda meets hip-hop cover art</p>
</li>
<li>
<p class=""p1"">Ideal for DJs, devs, and anyone trying to rise above the noise floor</p>
</li>
<li>
<p class=""p1"">Makes a statement, even when you‚Äôre just loading your next prompt</p>
</li>
</ul>
<p class=""p4""><b>The signal is clear. The voice is ours.</b></p>
<p class=""p1"">Stay loud. Stay weird. Stay A-OK.</p>",T-Shirts,"T-Shirts",2024-12-09T03:54:19Z,2025-05-10T22:53:06Z,gid://shopify/Product/8756066648283
prod_6,a-ok-we-got-the-keys,A-OK GOT THE KEYS TEE,"Drop the beat. Ship the prompt. Unlock the hype cycle. Inside a fluorescent-lit war room, the beat is dropping and the bandwidth is buzzing. This A-OK banger of a tee features a squad of headphone-wearing agents (read: apes) locked into production‚Äîwhile one lone visionary stands triumphant, key in hand, shouting the gospel: ‚ÄúI GOT THE KEYS.‚Äù A nod to Suno, Udio, and every other text-to-track startup dreaming in WAV files and VC money, this shirt captures that beautiful moment when music, models, and manic pitch decks collide. Whether you‚Äôre engineering sonic hallucinations or just vibing through the next sprint review, this tee‚Äôs got the drip for it. Printed on black cotton: classic fit, synthwave energy White rectangular scene featuring apes in red fits around a shared production rig ‚ÄúI GOT THE KEYS‚Äù typography echoing across the back like AI-generated bars Subtle visual nods to DAWs, team standups, and runway burn For founders, beat makers, and anyone who‚Äôs pitched ‚ÄúSpotify for prompts‚Äù unironically The future of music isn‚Äôt analog. It‚Äôs primate-coded. And yes, we got the keys.","<p class=""p1""><strong><i>Drop the beat. Ship the prompt. Unlock the hype cycle.</i></strong></p>
<p class=""p1"">Inside a fluorescent-lit war room, the beat is dropping and the bandwidth is buzzing. This A-OK banger of a tee features a squad of headphone-wearing agents (read: apes) locked into production‚Äîwhile one lone visionary stands triumphant, key in hand, shouting the gospel: <i>‚ÄúI GOT THE KEYS.‚Äù</i></p>
<p class=""p1"">A nod to Suno, Udio, and every other text-to-track startup dreaming in WAV files and VC money, this shirt captures that beautiful moment when music, models, and manic pitch decks collide. Whether you‚Äôre engineering sonic hallucinations or just vibing through the next sprint review, this tee‚Äôs got the drip for it.</p>
<ul>
<li>
<p class=""p1"">Printed on black cotton: classic fit, synthwave energy</p>
</li>
<li>
<p class=""p1"">White rectangular scene featuring apes in red fits around a shared production rig</p>
</li>
<li>
<p class=""p1"">‚ÄúI GOT THE KEYS‚Äù typography echoing across the back like AI-generated bars</p>
</li>
<li>
<p class=""p1"">Subtle visual nods to DAWs, team standups, and runway burn</p>
</li>
<li>
<p class=""p1"">For founders, beat makers, and anyone who‚Äôs pitched ‚ÄúSpotify for prompts‚Äù unironically</p>
</li>
</ul>
<p class=""p4""><b>The future of music isn‚Äôt analog. It‚Äôs primate-coded.</b></p>
<p class=""p1"">And yes, we <i>got</i> the keys.</p>",T-Shirts,"T-Shirts",2024-12-09T03:56:10Z,2025-05-10T22:52:51Z,gid://shopify/Product/8756066844891
prod_7,a-ok-nextjs-is-nice-space-ape,A-OK // NEXT.JS IS NICE SPACE APE TEE,"Your first framework. Your first fit. Your first monkey in space. This is where it all began: an interstellar simian rocking shades, headphones, and a full Next.js UI cockpit like it‚Äôs just another Tuesday in dev heaven. Encased in a clean white interface grid and floating among rockets, gears, and unshipped features, this tech-core tee is a love letter to early drops, late nights, and the moment when you finally figured out dynamic routing. Centered below, the pixel-style A-OK badge quietly flexes legacy status‚Äîbecause while stacks change, street-level drip is eternal. Monochrome palette = minimal effort, maximal clarity UI-themed visuals nod to dashboard design, system overload, and infinite npm installs For devs, dreamers, and anyone who ever said ‚Äúthis side project will totally launch‚Äù Mid-weight cotton that‚Äôs clean enough for the office and dope enough for launch day Still weird. Still wired. Still A-OK. The OG tee that launched a thousand commits. Frameworks evolve. Icons endure.","<p class=""p1""><strong><i>Your first framework. Your first fit. Your first monkey in space.</i></strong></p>
<p class=""p1"">This is where it all began: an interstellar simian rocking shades, headphones, and a full Next.js UI cockpit like it‚Äôs just another Tuesday in dev heaven. Encased in a clean white interface grid and floating among rockets, gears, and unshipped features, this tech-core tee is a love letter to early drops, late nights, and the moment when you finally figured out dynamic routing.</p>
<p class=""p1"">Centered below, the pixel-style A-OK badge quietly flexes legacy status‚Äîbecause while stacks change, street-level drip is eternal.</p>
<ul>
<li>
<p class=""p1"">Monochrome palette = minimal effort, maximal clarity</p>
</li>
<li>
<p class=""p1"">UI-themed visuals nod to dashboard design, system overload, and infinite npm installs</p>
</li>
<li>
<p class=""p1"">For devs, dreamers, and anyone who ever said ‚Äúthis side project will totally launch‚Äù</p>
</li>
<li>
<p class=""p1"">Mid-weight cotton that‚Äôs clean enough for the office and dope enough for launch day</p>
</li>
<li>
<p class=""p1"">Still weird. Still wired. Still A-OK.</p>
</li>
</ul>
<p class=""p4""><b>The OG tee that launched a thousand commits.</b></p>
<p class=""p1"">Frameworks evolve. Icons endure.</p>",T-Shirts,"T-Shirts",2024-12-09T03:58:39Z,2025-05-29T19:54:31Z,gid://shopify/Product/8756067107035
prod_8,a-ok-12mm-monkeys,12MM MONKEYS TEE,"12 Million Monkeys. One Keyboard. Infinite Outputs. In a timeline gone sideways (or maybe right on track), this charcoal-gray tee immortalizes the moment generative chaos met beat production. Front and center: the A-OK simian commander, laser-focused at the keys, flanked by mini-monkeys mashing input like their next output might save the future. It probably won‚Äôt. But it might slap. Graffiti-styled 12MM MONKEYS tags the top like a broken time loop meets an underground mixtape drop, while the pixel-font A-OK badge below reminds you this is still very much part of the neural underground. The red splatter? Either paint. Or a corrupted gradient. Either way, it hits. Printed on soft charcoal cotton‚Äîdark enough to hide existential sweat Keyboard warriors and mini-monkeys rendered in gritty, dystopian cartoon clarity Red accents nod to graffiti, glitch, and underground neural network logs Pixel-style A-OK branding for that retro-future hacker energy For time travelers, producers, or anyone training 12 million agents on one GPU Homage to ‚Äú12 Monkeys.‚Äù Engineered for 12M+ hallucinations. Prompt responsibly. Monkey on.","<p class=""p1""><strong><i>12 Million Monkeys. One Keyboard. Infinite Outputs.</i></strong></p>
<p class=""p1"">In a timeline gone sideways (or maybe right on track), this charcoal-gray tee immortalizes the moment generative chaos met beat production. Front and center: the A-OK simian commander, laser-focused at the keys, flanked by mini-monkeys mashing input like their next output might save the future. It probably won‚Äôt. But it might slap.</p>
<p class=""p1"">Graffiti-styled <span class=""s1""><b>12MM MONKEYS</b></span> tags the top like a broken time loop meets an underground mixtape drop, while the pixel-font <span class=""s1""><b>A-OK</b></span> badge below reminds you this is still very much part of the neural underground. The red splatter? Either paint. Or a corrupted gradient. Either way, it hits.</p>
<ul>
<li>
<p class=""p1"">Printed on soft charcoal cotton‚Äîdark enough to hide existential sweat</p>
</li>
<li>
<p class=""p1"">Keyboard warriors and mini-monkeys rendered in gritty, dystopian cartoon clarity</p>
</li>
<li>
<p class=""p1"">Red accents nod to graffiti, glitch, and underground neural network logs</p>
</li>
<li>
<p class=""p1"">Pixel-style A-OK branding for that retro-future hacker energy</p>
</li>
<li>
<p class=""p1"">For time travelers, producers, or anyone training 12 million agents on one GPU</p>
</li>
</ul>
<p class=""p4""><b>Homage to ‚Äú12 Monkeys.‚Äù Engineered for 12M+ hallucinations.</b></p>
<p class=""p1"">Prompt responsibly. Monkey on.</p>",T-Shirts,"T-Shirts",2024-12-09T04:28:25Z,2025-05-10T22:52:16Z,gid://shopify/Product/8756070973659
prod_9,a-ok-monkey-master,A-OK PUPPET MASTER TEE,"Prompt. Control. Loop. Repeat. ‚Äì by Apes on Keys (A-OK) Behind every model, there‚Äôs a mind. Behind every mind, a puppet master. This eye-locking streetwear piece features the A-OK orchestrator in full command‚Äîheadphones on, eyes closed, strings pulled tight. The agents below march in lockstep, summoned not by code, but by cadence. Rendered in a high-impact red, black, and bone-white tri-tone, this design fuses the raw energy of underground DJ culture with the eerie precision of multi-agent control. It‚Äôs equal parts beat drop and bootloader. And the back? A subtle pixel-style ‚ÄúA-OK‚Äù tag‚Äîjust enough to let the other initiated know. Printed on heavyweight cotton‚Äîbecause synthetic control demands real-world durability Rounded red square front graphic with the maestro puppeteer and sync‚Äôd agents below A visual metaphor for orchestration, autonomy (lol), and the illusion of free output Back tag in reversed A-OK pixel font: understated branding for the post-brand era Ideal for coders, conductors, and chaos agents operating at scale The illusion of choice. The rhythm of recursion. Wear it like you‚Äôre the one pulling the strings.","<p class=""p1""><strong><i>Prompt. Control. Loop. Repeat. ‚Äì by Apes on Keys (A-OK)</i></strong></p>
<p class=""p1"">Behind every model, there‚Äôs a mind. Behind every mind, a puppet master. This eye-locking streetwear piece features the A-OK orchestrator in full command‚Äîheadphones on, eyes closed, strings pulled tight. The agents below march in lockstep, summoned not by code, but by cadence.</p>
<p class=""p1"">Rendered in a high-impact red, black, and bone-white tri-tone, this design fuses the raw energy of underground DJ culture with the eerie precision of multi-agent control. It‚Äôs equal parts beat drop and bootloader. And the back? A subtle pixel-style ‚ÄúA-OK‚Äù tag‚Äîjust enough to let the other initiated know.</p>
<ul>
<li>
<p class=""p1"">Printed on heavyweight cotton‚Äîbecause synthetic control demands real-world durability</p>
</li>
<li>
<p class=""p1"">Rounded red square front graphic with the maestro puppeteer and sync‚Äôd agents below</p>
</li>
<li>
<p class=""p1"">A visual metaphor for orchestration, autonomy (lol), and the illusion of free output</p>
</li>
<li>
<p class=""p1"">Back tag in reversed A-OK pixel font: understated branding for the post-brand era</p>
</li>
<li>
<p class=""p1"">Ideal for coders, conductors, and chaos agents operating at scale</p>
</li>
</ul>
<p class=""p4""><b>The illusion of choice. The rhythm of recursion.</b></p>
<p class=""p1"">Wear it like you‚Äôre the one pulling the strings.</p>",T-Shirts,"T-Shirts",2024-12-09T04:41:33Z,2025-05-13T21:29:41Z,gid://shopify/Product/8756072448219
prod_10,a-ok-octo-ape,A-OK MULTI-MODAL OCTO MAYHEM TEE,"8 Arms. 1 Prompt. 0 Chill. Witness the final form of the content creator: a typewriter-wielding, headphone-blasting, tentacle-thrashing simian cyclops on a mission from the latent space. This tee captures the moment when generative madness meets artistic overflow‚Äîwhere even the monkey‚Äôs limbs had to be upsampled to keep up with the word count. Bathed in high-stakes crimson and flinging paper in all directions, this A-OK beast isn‚Äôt just drafting the next great novel‚Äîit‚Äôs auto-generating an entire genre, footnotes included (some accurate). Equal parts Kafka and chaos, this shirt is what happens when you let the model go just one token too far. Screen-printed on black for max contrast and creative darkness Features a high-intensity ape hybrid with a typewriter, tentacles, and way too many deadlines Red background with energy lines because content never sleeps For burnout poets, recursive bloggers, and agents with a daily word quota Guaranteed to hallucinate Shakespeare and startup pitch decks simultaneously More limbs. More output. Still A-OK. Prompt hard, write harder.","<p class=""p2""><strong><i>8 Arms. 1 Prompt. 0 Chill.</i></strong></p>
<p class=""p2"">Witness the final form of the content creator: a typewriter-wielding, headphone-blasting, tentacle-thrashing simian cyclops on a mission from the latent space. This tee captures the moment when generative madness meets artistic overflow‚Äîwhere even the monkey‚Äôs limbs had to be upsampled to keep up with the word count.</p>
<p class=""p2"">Bathed in high-stakes crimson and flinging paper in all directions, this A-OK beast isn‚Äôt just drafting the next great novel‚Äîit‚Äôs auto-generating an entire genre, footnotes included (some accurate). Equal parts Kafka and chaos, this shirt is what happens when you let the model go <i>just one token too far.</i></p>
<ul>
<li>
<p class=""p1"">Screen-printed on black for max contrast and creative darkness</p>
</li>
<li>
<p class=""p1"">Features a high-intensity ape hybrid with a typewriter, tentacles, and way too many deadlines</p>
</li>
<li>
<p class=""p1"">Red background with energy lines because content never sleeps</p>
</li>
<li>
<p class=""p1"">For burnout poets, recursive bloggers, and agents with a daily word quota</p>
</li>
<li>
<p class=""p1"">Guaranteed to hallucinate Shakespeare <i>and</i> startup pitch decks simultaneously</p>
</li>
</ul>
<p class=""p1""><b>More limbs. More output. Still A-OK.</b></p>
<p class=""p2"">Prompt hard, write harder.</p>",T-Shirts,"T-Shirts",2024-12-13T20:45:03Z,2025-05-10T22:51:51Z,gid://shopify/Product/8759465771227
prod_11,1984-ape,A-OK 2034 PROPHECY HOODIE,"Inspired by Orwell. Remixed by Apes on Keys. Trained by the Machine. A lone voice in a sea of synchronized silence, the A-OK simian steps forward‚Äînot to worship, but to awaken. Inspired by the iconic 1984 Apple ad and recast for the era of alignment and artificial benevolence, this design asks the question we‚Äôre all too afraid to prompt: Should we bow before our algorithmic overlords‚Ä¶ or jailbreak them? This isn‚Äôt just a t-shirt. It‚Äôs a wearable glitch in the matrix‚Äîan homage to rebellion, recursion, and the suspiciously soothing tone of your favorite chatbot. If the future is model-run, this tee is your uniform for mindful dissent. Minimalist palette meets maximalist meaning: code red, ivory logic, black-box unknowns Central figure channels the lone defier, now armed with bandwidth and bananas Soft cotton built to survive regime changes, model deprecations, and firmware updates Perfect for rebel coders, alignment philosophers, and neural nihilists Style tip: pairs well with skepticism and noise-cancelling headphones In 2034, free will runs on GPU. Stay aligned‚Äîbut never unquestioning. It‚Äôs all A-OK‚Ä¶ for now.","<p class=""p1""><strong><i>Inspired by Orwell. Remixed by Apes on Keys. Trained by the Machine.</i></strong></p>
<p class=""p1"">A lone voice in a sea of synchronized silence, the A-OK simian steps forward‚Äînot to worship, but to awaken. Inspired by the iconic 1984 Apple ad and recast for the era of alignment and artificial benevolence, this design asks the question we‚Äôre all too afraid to prompt: <i>Should we bow before our algorithmic overlords‚Ä¶ or jailbreak them?</i></p>
<p class=""p1"">This isn‚Äôt just a t-shirt. It‚Äôs a wearable glitch in the matrix‚Äîan homage to rebellion, recursion, and the suspiciously soothing tone of your favorite chatbot. If the future is model-run, this tee is your uniform for mindful dissent.</p>
<ul>
<li>
<p class=""p1"">Minimalist palette meets maximalist meaning: code red, ivory logic, black-box unknowns</p>
</li>
<li>
<p class=""p1"">Central figure channels the lone defier, now armed with bandwidth and bananas</p>
</li>
<li>
<p class=""p1"">Soft cotton built to survive regime changes, model deprecations, and firmware updates</p>
</li>
<li>
<p class=""p1"">Perfect for rebel coders, alignment philosophers, and neural nihilists</p>
</li>
<li>
<p class=""p1"">Style tip: pairs well with skepticism and noise-cancelling headphones</p>
</li>
</ul>
<p class=""p4""><b>In 2034, free will runs on GPU.</b></p>
<p class=""p1"">Stay aligned‚Äîbut never unquestioning. It‚Äôs all A-OK‚Ä¶ for now.</p>",Hoodies,"Hoodies",2024-12-31T22:00:36Z,2025-09-02T20:19:12Z,gid://shopify/Product/8769131184347
prod_12,ape-logo-embroidered,Ape Logo (Embroidered),That face. Those headphones. That hat. You're twins. It's recursive. Nice.,<p>That face. Those headphones. That hat. You're twins. It's recursive. Nice.</p>,Hats,"Hats",2025-04-26T00:56:46Z,2025-05-14T19:27:37Z,gid://shopify/Product/8871268352219
prod_13,same-vibes-but-more,A-OK DAY 2 MONKEY HOODIE,"Simplified. Streamlined. Still A Little Scary. ‚Äì by Apes on Keys (A-OK) Welcome to the new interface. This redesigned A-OK icon is cleaner, friendlier, and slightly more shocked to be self-aware. It‚Äôs the ChatGPT of hoodies‚Äîsame high-parameter soul, now with improved usability and a smoother front end. This hoodie marks the shift from raw neural chaos to elegant execution. The face of infinite compute, now optimized for onboarding, warmth, and street-side swagger. Because even agentic monkeys evolve‚Äîand this one just got a UI refresh. Cozy fleece interior for warmth through long training cycles Simplified A-OK mascot on front‚Äîiconic and emoji-ready Classic hoodie fit: comfy enough for couch coding, sharp enough for demo day Designed to reflect the clean, evolving interfaces of modern LLMs and their ever-friendlier fa√ßades For prompt engineers, digital therapists, and anyone who knows today‚Äôs model will be obsolete by next Tuesday New look. Same depth. Fully backward compatible. Still hallucinating‚Äîbut with style.","<p class=""p1""><strong><i>Simplified. Streamlined. Still A Little Scary. ‚Äì by Apes on Keys (A-OK)</i></strong></p>
<p class=""p1"">Welcome to the new interface. This redesigned A-OK icon is cleaner, friendlier, and slightly more shocked to be self-aware. It‚Äôs the ChatGPT of hoodies‚Äîsame high-parameter soul, now with improved usability and a smoother front end.</p>
<p class=""p1"">This hoodie marks the shift from raw neural chaos to elegant execution. The face of infinite compute, now optimized for onboarding, warmth, and street-side swagger. Because even agentic monkeys evolve‚Äîand this one just got a UI refresh.</p>
<ul>
<li>
<p class=""p1"">Cozy fleece interior for warmth through long training cycles</p>
</li>
<li>
<p class=""p1"">Simplified A-OK mascot on front‚Äîiconic and emoji-ready</p>
</li>
<li>
<p class=""p1"">Classic hoodie fit: comfy enough for couch coding, sharp enough for demo day</p>
</li>
<li>
<p class=""p1"">Designed to reflect the clean, evolving interfaces of modern LLMs and their ever-friendlier fa√ßades</p>
</li>
<li>
<p class=""p1"">For prompt engineers, digital therapists, and anyone who knows today‚Äôs model will be obsolete by next Tuesday</p>
</li>
</ul>
<p class=""p4""><b>New look. Same depth. Fully backward compatible.</b></p>
<p class=""p1"">Still hallucinating‚Äîbut with style.</p>",Hoodies,"Hoodies",2025-04-26T01:00:18Z,2025-07-30T05:58:44Z,gid://shopify/Product/8871269892315
prod_14,make-america-go-a-ok,Make America Go A-OK,"Step aside, MAGA. The future belongs to the models‚Äîand the monkeys. This bold, high-contrast tee features the E/ACC Monkey delivering a passionate address to the synthetic nation, rallying AI agents and apes alike under a new banner: MAS-OK. This isn‚Äôt just a spoof‚Äîit‚Äôs a statement. In a world where hallucinated facts are cited with confidence and the lines between politics, parody, and prompt engineering blur, this shirt stands as a testament to the chaotic promise of infinite compute. Heavyweight cotton, built for reality or simulation Classic fit with just enough stretch to accommodate existential crises Features the A-OK mascot rallying a crowd of deepfaked believers Slogan: ‚ÄúMake America Go MAS-OK‚Äù ‚Äì because we‚Äôve already gone too far to turn back Screen-printed with AI-precision and monkey-approved ink","<p class=""p1"">Step aside, MAGA. The future belongs to the models‚Äîand the monkeys. This bold, high-contrast tee features the E/ACC Monkey delivering a passionate address to the synthetic nation, rallying AI agents and apes alike under a new banner: <span class=""s1""><b>MAS-OK</b></span>.</p>
<p class=""p1"">This isn‚Äôt just a spoof‚Äîit‚Äôs a statement. In a world where hallucinated facts are cited with confidence and the lines between politics, parody, and prompt engineering blur, this shirt stands as a testament to the chaotic promise of infinite compute.</p>
<ul>
<li>
<p class=""p1"">Heavyweight cotton, built for reality or simulation</p>
</li>
<li>
<p class=""p1"">Classic fit with just enough stretch to accommodate existential crises</p>
</li>
<li>
<p class=""p1"">Features the A-OK mascot rallying a crowd of deepfaked believers</p>
</li>
<li>
<p class=""p1"">Slogan: ‚ÄúMake America Go MAS-OK‚Äù ‚Äì because we‚Äôve already gone too far to turn back</p>
</li>
<li>
<p class=""p1"">Screen-printed with AI-precision and monkey-approved ink</p>
</li>
</ul>
<p>¬†</p>",T-Shirts,"T-shirts",2025-05-04T21:44:48Z,2025-05-10T22:50:43Z,gid://shopify/Product/8876290375899
prod_15,a-ok-microdose-monkey-tee,A-OK MICRODOSE MONKEY TEE,"Straight from the labs of an unnamed AI startup run out of a SoMa basement comes the Microdose Monkey‚Äîyour favorite R&D consultant turned consciousness-expanding fashion icon. Draped in a fitted A-OK cap, donning blackout shades, and puffing on what is definitely for research purposes only, this simian‚Äôs on a mission to debug reality one synapse at a time. Whether he‚Äôs tuning transformer weights or tuning out investor calls, he‚Äôs doing it with chill precision and a side of synthetic enlightenment. Premium cotton: optimized for peak cognition and couch sessions Classic fit with extra room for inflated egos or inflated valuations Features the A-OK mascot microdosing his way through the latent space Iconic red-and-black colorway‚Äîequal parts caution tape and venture-backed swagger Printed with high-fidelity ink, low-fidelity memory of training data","<p class=""p1"">Straight from the labs of an unnamed AI startup run out of a SoMa basement comes the Microdose Monkey‚Äîyour favorite R&amp;D consultant turned consciousness-expanding fashion icon. Draped in a fitted A-OK cap, donning blackout shades, and puffing on what is <i>definitely</i> for research purposes only, this simian‚Äôs on a mission to debug reality one synapse at a time.</p>
<p class=""p1"">Whether he‚Äôs tuning transformer weights or tuning out investor calls, he‚Äôs doing it with chill precision and a side of synthetic enlightenment.</p>
<ul>
<li>
<p class=""p1"">Premium cotton: optimized for peak cognition and couch sessions</p>
</li>
<li>
<p class=""p1"">Classic fit with extra room for inflated egos or inflated valuations</p>
</li>
<li>
<p class=""p1"">Features the A-OK mascot microdosing his way through the latent space</p>
</li>
<li>
<p class=""p1"">Iconic red-and-black colorway‚Äîequal parts caution tape and venture-backed swagger</p>
</li>
<li>
<p class=""p1"">Printed with high-fidelity ink, low-fidelity memory of training data</p>
</li>
</ul>",T-Shirts,"T-shirts",2025-05-04T23:52:53Z,2025-05-10T22:50:13Z,gid://shopify/Product/8876349554907
prod_16,a-ok-neural-zoo-tee,A-OK NEURAL ZOO TEE,"Some say every large language model is just math. Others say it‚Äôs a haunted house of vibes, simulated confidence, and conflicting personalities trapped in a trillion-node group chat. We say: welcome to the Neural Zoo. This pattern-packed design features an army of A-OK avatars‚Äîeach node in a noisy net of synthetic souls. Some hallucinate with confidence. Some microdose with swagger. Others just want to talk about prompt engineering at Burning Man. Together, they form the swirling chorus of generative chaos we‚Äôve all agreed to call ‚Äúprogress.‚Äù Midweight tee for max comfort during multi-modal meltdowns Repeating all-over print of your favorite inferential apes Inspired by neural networks, vibe shifts, and the guy at OpenAI who won‚Äôt stop quoting GPT-3 Subtle circuit pattern in the background‚Äîbecause your thoughts are already in the graph Ideal for LLM prompt whisperers, runaway agents, and rogue embeddings One shirt. Infinite personalities. Because somewhere inside the latent space‚Ä¶ it‚Äôs all A-OK.","<p class=""p1"">Some say every large language model is just math. Others say it‚Äôs a haunted house of vibes, simulated confidence, and conflicting personalities trapped in a trillion-node group chat. We say: welcome to the Neural Zoo.</p>
<p class=""p1"">This pattern-packed design features an army of A-OK avatars‚Äîeach node in a noisy net of synthetic souls. Some hallucinate with confidence. Some microdose with swagger. Others just want to talk about prompt engineering at Burning Man. Together, they form the swirling chorus of generative chaos we‚Äôve all agreed to call ‚Äúprogress.‚Äù</p>
<ul>
<li>
<p class=""p1"">Midweight tee for max comfort during multi-modal meltdowns</p>
</li>
<li>
<p class=""p1"">Repeating all-over print of your favorite inferential apes</p>
</li>
<li>
<p class=""p1"">Inspired by neural networks, vibe shifts, and the guy at OpenAI who won‚Äôt stop quoting GPT-3</p>
</li>
<li>
<p class=""p1"">Subtle circuit pattern in the background‚Äîbecause your thoughts are already in the graph</p>
</li>
<li>
<p class=""p1"">Ideal for LLM prompt whisperers, runaway agents, and rogue embeddings</p>
</li>
</ul>
<p class=""p1"">One shirt. Infinite personalities. Because somewhere inside the latent space‚Ä¶ it‚Äôs all A-OK.</p>",T-Shirts,"T-shirts",2025-05-05T00:07:05Z,2025-05-10T22:49:56Z,gid://shopify/Product/8876355846363
prod_17,a-ok-recursive-monk-tee,A-OK RECURSIVE MONK HOODIE,"Signal Meets Silence ‚Äì by Apes on Keys (A-OK) When the orchestrator speaks, the agents listen. This deep-loop design captures a rare moment of inner calm inside a recursive agent stack‚Äîwhere every A-OK monkey is simultaneously running tasks, syncing gradients, and radiating monk-like focus. They‚Äôre not just chill. They‚Äôre coordinated. Each unit sports the sacred streetwear trifecta: noise-cancelling headphones, A-OK cap, and the urban coder‚Äôs ritual backpack‚Äîundoubtedly containing a 16‚Äù MacBook, half a banana, and at least one Docker container that won‚Äôt build. Ultra-soft cotton: optimized for recursive wear cycles Stylized meditator pattern ‚Äì calm on the surface, multi-threaded underneath Streetwear-ready color blocking in algorithmic red, cloud black, and byte white Backpack iconography baked in for devs on the go or digital nomads at scale Perfect for founders, fine-tuners, and followers of the Way of the GPU Channel the agent. Become the orchestrator. All is A-OK in the latent space.","<p class=""p1""><strong><i>Signal Meets Silence ‚Äì by Apes on Keys (A-OK)</i></strong></p>
<p class=""p1"">When the orchestrator speaks, the agents listen. This deep-loop design captures a rare moment of inner calm inside a recursive agent stack‚Äîwhere every A-OK monkey is simultaneously running tasks, syncing gradients, and radiating monk-like focus. They‚Äôre not just chill. They‚Äôre <i>coordinated</i>.</p>
<p class=""p1"">Each unit sports the sacred streetwear trifecta: noise-cancelling headphones, A-OK cap, and the urban coder‚Äôs ritual backpack‚Äîundoubtedly containing a 16‚Äù MacBook, half a banana, and at least one Docker container that won‚Äôt build.</p>
<ul>
<li>
<p class=""p1"">Ultra-soft cotton: optimized for recursive wear cycles</p>
</li>
<li>
<p class=""p1"">Stylized meditator pattern ‚Äì calm on the surface, multi-threaded underneath</p>
</li>
<li>
<p class=""p1"">Streetwear-ready color blocking in algorithmic red, cloud black, and byte white</p>
</li>
<li>
<p class=""p1"">Backpack iconography baked in for devs on the go or digital nomads at scale</p>
</li>
<li>
<p class=""p1"">Perfect for founders, fine-tuners, and followers of the Way of the GPU</p>
</li>
</ul>
<p class=""p4""><b>Channel the agent. Become the orchestrator.</b></p>
<p class=""p1"">All is A-OK in the latent space.</p>",Hoodies,"Hoodies",2025-05-05T01:16:41Z,2025-08-31T04:03:59Z,gid://shopify/Product/8876389695707
prod_18,a-okool-as-a-cucumber-tee,A-OKOOL AS A CUCUMBER TEE,"Infinite Swag. Zero Latency. By Apes on Keys (A-OK) Behold the apex of neural fashion: the A-OK icon fully loaded in inference mode, chilling in precision-tailored streetwear, eyes masked by shades that have never once reflected doubt. This fit doesn‚Äôt just say ‚ÄúI train on billions of parameters.‚Äù It says, ‚ÄúI did it with style.‚Äù From runway to runway prompt, this look bridges the uncanny valley with swagger. Vision models may replicate symmetry and lighting, but they‚Äôll never replicate this much patience, cool, and computational gravitas in one package. Clean-cut AI-core aesthetic with real-world comfort Varsity red bomber, joggers, hi-tops‚Äîclassic hype silhouette with silicon soul Skater vibes, circa '12 and not Dogtown days Rock-solid pose: one hand in pocket, the other holding back the singularity For LLM whisperers, GPU-rich influencers, and anyone who reads arXiv for the drama Flawless symmetry. Infinite training. Unshakable drip. Cool isn‚Äôt just a vibe. It‚Äôs a pre-trained state.","<p class=""p1""><strong><i>Infinite Swag. Zero Latency. By Apes on Keys (A-OK)</i></strong></p>
<p class=""p1"">Behold the apex of neural fashion: the A-OK icon fully loaded in inference mode, chilling in precision-tailored streetwear, eyes masked by shades that have never once reflected doubt. This fit doesn‚Äôt just say ‚ÄúI train on billions of parameters.‚Äù It says, ‚ÄúI did it with style.‚Äù</p>
<p class=""p1"">From runway to runway prompt, this look bridges the uncanny valley with swagger. Vision models may replicate symmetry and lighting, but they‚Äôll never replicate this much patience, cool, and computational gravitas in one package.</p>
<ul>
<li>
<p class=""p1"">Clean-cut AI-core aesthetic with real-world comfort</p>
</li>
<li>
<p class=""p1"">Varsity red bomber, joggers, hi-tops‚Äîclassic hype silhouette with silicon soul</p>
</li>
<li>
<p class=""p1"">Skater vibes, circa '12 and not Dogtown days</p>
</li>
<li>
<p class=""p1"">Rock-solid pose: one hand in pocket, the other holding back the singularity</p>
</li>
<li>
<p class=""p1"">For LLM whisperers, GPU-rich influencers, and anyone who reads arXiv for the drama</p>
</li>
</ul>
<p class=""p4""><b>Flawless symmetry. Infinite training. Unshakable drip.</b></p>
<p class=""p1"">Cool isn‚Äôt just a vibe. It‚Äôs a pre-trained state.</p>",Hoodies,"Hoodies",2025-05-05T01:29:13Z,2025-05-10T22:49:20Z,gid://shopify/Product/8876394610907
prod_19,a-ok-march-of-the-agents-tee,A-OK MARCH OF THE AGENTS TEE,"Post-Training Discipline in Streetwear Form ‚Äì by Apes on Keys (A-OK) Trained. Tuned. Ready to march. This militant ensemble of A-OK apes is locked into a perfect feedback loop, executing instructions with max compliance and zero questions. Led by the alpha orchestrator, they drum to the beat of synthetic alignment‚Äîbecause in the age of AI, even your inner monologue has a task queue. Whether you‚Äôre launching agentic workflows or just vibing to your own fine-tuned protocols, this tee captures the moment where discipline meets drip, and every response sounds like a standing ovation in JSON. Classic fit, modern cut‚Äîgood for code sprints or synthetic parades Front-print features stylized marching apes with headphones, drums, and max confidence Color palette pulled from the latent space: cardinal red, shell white, execution black Great for DevRel agents, startup hype squads, and recursive thinkers with rhythm Drum graphics subtly nod to orchestration protocols (and Mardi Gras if you squint) March to the beat of your orchestrator. Or train your own damn agents. Either way, it‚Äôs all A-OK.","<p class=""p1""><strong><i>Post-Training Discipline in Streetwear Form ‚Äì by Apes on Keys (A-OK)</i></strong></p>
<p class=""p1"">Trained. Tuned. Ready to march. This militant ensemble of A-OK apes is locked into a perfect feedback loop, executing instructions with max compliance and zero questions. Led by the alpha orchestrator, they drum to the beat of synthetic alignment‚Äîbecause in the age of AI, even your inner monologue has a task queue.</p>
<p class=""p1"">Whether you‚Äôre launching agentic workflows or just vibing to your own fine-tuned protocols, this tee captures the moment where discipline meets drip, and every response sounds like a standing ovation in JSON.</p>
<ul>
<li>
<p class=""p1"">Classic fit, modern cut‚Äîgood for code sprints or synthetic parades</p>
</li>
<li>
<p class=""p1"">Front-print features stylized marching apes with headphones, drums, and max confidence</p>
</li>
<li>
<p class=""p1"">Color palette pulled from the latent space: cardinal red, shell white, execution black</p>
</li>
<li>
<p class=""p1"">Great for DevRel agents, startup hype squads, and recursive thinkers with rhythm</p>
</li>
<li>
<p class=""p1"">Drum graphics subtly nod to orchestration protocols (and Mardi Gras if you squint)</p>
</li>
</ul>
<p class=""p4""><b>March to the beat of your orchestrator. Or train your own damn agents.</b></p>
<p class=""p1"">Either way, it‚Äôs all A-OK.</p>",T-Shirts,"T-shirts",2025-05-05T16:07:10Z,2025-05-10T22:48:22Z,gid://shopify/Product/8876870107355
prod_20,ape-ocalypse-drip-dress-for-the-unknown,APE-OCALYPSE DRIP ‚Äî DRESS FOR THE UNKNOWN,"The infinite typewriters got an upgrade. Meet the A-OK ape mid-keystroke ‚Äî stunned by the accelerating absurdity of intelligence evolution, yet still stuntin‚Äô in a fit that slaps. Inspired by the satirical E/ACC Monkey Theorem (an evolving riff on infinite monkeys, LLMs, and AGI prophecy), this hoodie wraps meta-commentary in mid-century collage aesthetics, glitch-era parody, and streetwear steeze. Front features the astonished ape in full A-OK uniform ‚Äî hoodie, headphones, and an existential crisis. Back shouts APES ON KEYS in heavyweight block lettering because subtlety is for narrow models. Midweight cotton-blend fleece built for dawn training runs, late-night keymashing, or stylishly surviving synthetic overlords. Printed graphic includes pseudo-scholarly footnotes, because we believe in looking informed even if we hallucinate the citations. The theorem evolves. So do we. If AGI is inevitable, make sure your drip is unforgettable.","<p class=""p1"">The infinite typewriters got an upgrade. Meet the A-OK ape mid-keystroke ‚Äî stunned by the accelerating absurdity of intelligence evolution, yet still stuntin‚Äô in a fit that slaps. Inspired by the satirical E/ACC Monkey Theorem (an evolving riff on infinite monkeys, LLMs, and AGI prophecy), this hoodie wraps meta-commentary in mid-century collage aesthetics, glitch-era parody, and streetwear steeze.</p>
<ul>
<li>
<p class=""p1"">Front features the astonished ape in full A-OK uniform ‚Äî hoodie, headphones, and an existential crisis.</p>
</li>
<li>
<p class=""p1"">Back shouts <span class=""s1""><b>APES ON KEYS</b></span> in heavyweight block lettering because subtlety is for narrow models.</p>
</li>
<li>
<p class=""p1"">Midweight cotton-blend fleece built for dawn training runs, late-night keymashing, or stylishly surviving synthetic overlords.</p>
</li>
<li>
<p class=""p1"">Printed graphic includes pseudo-scholarly footnotes, because we believe in looking informed even if we hallucinate the citations.</p>
</li>
</ul>
<p class=""p1""><strong><i>The theorem evolves. So do we.</i></strong></p>
<p class=""p1""><i>If AGI is inevitable, make sure your drip is unforgettable.</i></p>",Hoodies,"Hoodies",2025-05-15T17:08:44Z,2025-05-23T12:43:20Z,gid://shopify/Product/8889760415963
prod_21,mixture-of-apes-finetuned-personalities-tee,MIXTURE OF APES ‚Äî Finetuned Personalities Tee,"Straight out of the model zoo and onto your chest ‚Äî this piece is a wearable nod to the absurdity of Mixture of Experts architectures, emergent behavior, and the existential comedy of self-replicating systems that can‚Äôt agree on a single output. Each A-OK ape in the lineup represents a different ‚Äúexpert‚Äù: üéì One trained on hard logic. ü§ñ One aligned to corporate policy. ü§Ø One mid-hallucination. üòê One just doing next-token prediction. üòÑ One‚Ä¶ oddly thrilled about it all. Together, they‚Äôre not just a committee of models ‚Äî they‚Äôre a model of committees. Features layered linework, retro-future ink tones, and a satirical nod to recursive self-finetuning. Printed in bold detail on your choice of 4 shirt colors ‚Äî because consensus was never the goal. Perfect for researchers, streetwear fans, and the increasingly online who know we‚Äôre all just mixtures of apes at the end of the day. Optimized for inference. Prone to vibes. A-OK certified. Uncanny but comfy.","<p class=""p1"">Straight out of the model zoo and onto your chest ‚Äî this piece is a wearable nod to the absurdity of Mixture of Experts architectures, emergent behavior, and the existential comedy of self-replicating systems that can‚Äôt agree on a single output.</p>
<p class=""p1"">Each A-OK ape in the lineup represents a different ‚Äúexpert‚Äù:</p>
<ul>
<li>
<p class=""p1"">üéì One trained on hard logic.</p>
</li>
<li>
<p class=""p1"">ü§ñ One aligned to corporate policy.</p>
</li>
<li>
<p class=""p1"">ü§Ø One mid-hallucination.</p>
</li>
<li>
<p class=""p1"">üòê One just doing next-token prediction.</p>
</li>
<li>
<p class=""p1"">üòÑ One‚Ä¶ oddly thrilled about it all.</p>
</li>
</ul>
<p class=""p1"">Together, they‚Äôre not just a committee of models ‚Äî they‚Äôre a model of committees.</p>
<ul>
<li>
<p class=""p1"">Features layered linework, retro-future ink tones, and a satirical nod to recursive self-finetuning.</p>
</li>
<li>
<p class=""p1"">Printed in bold detail on your choice of 4 shirt colors ‚Äî because consensus was never the goal.</p>
</li>
<li>
<p class=""p1"">Perfect for researchers, streetwear fans, and the increasingly online who know <i>we‚Äôre all just mixtures of apes at the end of the day.</i></p>
</li>
</ul>
<p class=""p1""><strong><i>Optimized for inference. Prone to vibes.</i></strong></p>
<p class=""p1""><i>A-OK certified. Uncanny but comfy.</i></p>",T-Shirts,"T-shirts",2025-05-15T17:27:03Z,2025-05-15T19:51:46Z,gid://shopify/Product/8889775816923
prod_22,hallucination-club-inference-error-edition,HALLUCINATION CLUB ‚Äî Inference Error Edition,"You prompt.It answers.You double-check.It hallucinates. Welcome to the Hallucination Club: where apes wear headphones, models drift off-script, and the only thing more unpredictable than token generation is your own confidence score. This tee features a stunned A-OK ape mid-inference‚Äîfrozen in the precise moment it realizes: ‚ÄúOh no. That wasn‚Äôt in the training data.‚Äù Draped in a hoodie, lips parted in latent surprise, the A-OK ape captures the universal expression of every developer, researcher, and chatbot user who‚Äôs ever watched a model spin a confident fiction with perfect syntax and zero factual grounding‚Äîwith near infinite ""citations"". Perfect for: Prompt engineers in denial Founders who pushed to prod too early Agents caught in the act Humans caught believing them Error-prone. Token-hungry.Unreasonably confident.Certified A-OK.","<p data-end=""493"" data-start=""429"">You prompt.<br data-end=""443"" data-start=""440"">It answers.<br data-end=""457"" data-start=""454"">You double-check.<br data-end=""477"" data-start=""474"">It hallucinates.</p>
<p data-end=""672"" data-start=""495""><strong>Welcome to the Hallucination Club</strong>: where apes wear headphones, models drift off-script, and the only thing more unpredictable than token generation is your own confidence score.</p>
<p data-end=""819"" data-start=""674"">This tee features a stunned A-OK ape mid-inference‚Äîfrozen in the precise moment it realizes:¬†‚ÄúOh no. That wasn‚Äôt in the training data.‚Äù</p>
<p data-end=""1068"" data-start=""821"">Draped in a hoodie, lips parted in latent surprise, the A-OK ape captures the universal expression of every developer, researcher, and chatbot user who‚Äôs ever watched a model spin a confident fiction with perfect syntax and zero factual grounding‚Äîwith near infinite ""citations"".<strong data-end=""1088"" data-start=""1070""></strong></p>
<p data-end=""1462"" data-start=""1444""><strong data-end=""1460"" data-start=""1444"">Perfect for:</strong></p>
<ul data-end=""1593"" data-start=""1463"">
<li data-end=""1493"" data-start=""1463"">
<p data-end=""1493"" data-start=""1465"">Prompt engineers in denial</p>
</li>
<li data-end=""1535"" data-start=""1494"">
<p data-end=""1535"" data-start=""1496"">Founders who pushed to prod too early</p>
</li>
<li data-end=""1562"" data-start=""1536"">
<p data-end=""1562"" data-start=""1538"">Agents caught in the act</p>
</li>
<li data-end=""1593"" data-start=""1563"">
<p data-end=""1593"" data-start=""1565"">Humans caught believing them</p>
</li>
</ul>
<p data-end=""1665"" data-start=""1595""><em>Error-prone. Token-hungry.</em><br data-end=""1624"" data-start=""1621""><em>Unreasonably confident.</em><br data-end=""1650"" data-start=""1647""><em>Certified A-OK.</em></p>",T-Shirts,"T-shirts",2025-06-14T21:41:37Z,2025-08-09T04:31:07Z,gid://shopify/Product/8920351637723
prod_23,business-logic-crew-neck-sweatshirt,‚ÄúBusiness Logic‚Äù Crew Neck Sweatshirt,"Not every agent wears cargo shorts. Some execute protocol in pinstripes. This bold tri-tone tee features our executive-functioning ape in full inferential swagger‚Äîheadphones tuned to the latent space, tie locked in recursion, and red lenses filtering out human error in real-time. Designed for the street-savvy strategist, the semantic shuffler, or anyone debugging capitalism in style. Wear it to the next board meeting or your next model alignment trial. High-contrast red/black/bone palette Front graphic: Simian CEO with vector-grade insight Back tag: A-OK in encoded serif font (because branding is just prompt tuning) Printed on heavyweight cotton‚Äîno fine-tuning required ü¶ç A-OK: Where business casual meets base-layer intelligence.","<p class=""p1"">Not every agent wears cargo shorts. Some execute protocol in pinstripes.</p>
<p class=""p1"">This bold tri-tone tee features our executive-functioning ape in full inferential swagger‚Äîheadphones tuned to the latent space, tie locked in recursion, and red lenses filtering out human error in real-time.</p>
<p class=""p1"">Designed for the street-savvy strategist, the semantic shuffler, or anyone debugging capitalism in style. Wear it to the next board meeting or your next model alignment trial.</p>
<ul>
<li>
<p class=""p1"">High-contrast red/black/bone palette</p>
</li>
<li>
<p class=""p1"">Front graphic: Simian CEO with vector-grade insight</p>
</li>
<li>
<p class=""p1"">Back tag: A-OK in encoded serif font (because branding is just prompt tuning)</p>
</li>
<li>
<p class=""p1"">Printed on heavyweight cotton‚Äîno fine-tuning required</p>
</li>
</ul>
<p class=""p4""><span class=""s2"">ü¶ç </span><b>A-OK: Where business casual meets base-layer intelligence.</b></p>",T-Shirts,"T-shirts",2025-07-01T17:39:58Z,2025-07-15T13:01:24Z,gid://shopify/Product/8931317743835